"","Scenario","Reduction","Lambda","pi","Outcome","Value"
"1","1","1","0.0196078431372549","0.35","PropAns","0.471408240523812"
"2","1","1","0.0196078431372549","0.35","PropMr","0.303800950178308"
"3","1","1","0.0196078431372549","0.35","PropAnsMr","0.275050622894451"
"4","1","1","0.0196078431372549","0.35","IncidenceInfectionsGraves","6.1295703076469"
"5","1","1","0.0196078431372549","0.35","IncidenceInfectionsGravesAns","2.76876558570045"
"6","1","1","0.0196078431372549","0.35","IncidenceInfectionsGravesMr","1.79284069180881"
"7","1","1","0.0196078431372549","0.35","IncidenceInfectionsGravesAnsMr","1.61114488653975"
"8","1","2","0.0196078431372549","0.35","PropAns","0.427680349312354"
"9","1","2","0.0196078431372549","0.35","PropMr","0.280721356295976"
"10","1","2","0.0196078431372549","0.35","PropAnsMr","0.249591403147578"
"11","1","2","0.0196078431372549","0.35","IncidenceInfectionsGraves","6.31599388621831"
"12","1","2","0.0196078431372549","0.35","IncidenceInfectionsGravesAns","2.71562571016917"
"13","1","2","0.0196078431372549","0.35","IncidenceInfectionsGravesMr","1.77498558822219"
"14","1","2","0.0196078431372549","0.35","IncidenceInfectionsGravesAnsMr","1.58032112434545"
"15","1","3","0.0196078431372549","0.35","PropAns","0.387407471215424"
"16","1","3","0.0196078431372549","0.35","PropMr","0.25945717895122"
"17","1","3","0.0196078431372549","0.35","PropAnsMr","0.226134443404804"
"18","1","3","0.0196078431372549","0.35","IncidenceInfectionsGraves","6.51563640020034"
"19","1","3","0.0196078431372549","0.35","IncidenceInfectionsGravesAns","2.66587272267463"
"20","1","3","0.0196078431372549","0.35","IncidenceInfectionsGravesMr","1.75962158177825"
"21","1","3","0.0196078431372549","0.35","IncidenceInfectionsGravesAnsMr","1.55145445498508"
"22","1","4","0.0196078431372549","0.35","PropAns","0.351079228771938"
"23","1","4","0.0196078431372549","0.35","PropMr","0.240269252231027"
"24","1","4","0.0196078431372549","0.35","PropAnsMr","0.20496712299627"
"25","1","4","0.0196078431372549","0.35","IncidenceInfectionsGraves","6.728008423894"
"26","1","4","0.0196078431372549","0.35","IncidenceInfectionsGravesAns","2.61999377858531"
"27","1","4","0.0196078431372549","0.35","IncidenceInfectionsGravesMr","1.74698053771469"
"28","1","4","0.0196078431372549","0.35","IncidenceInfectionsGravesAnsMr","1.52482932091478"
"29","2","1","0.0196078431372549","0.35","PropAns","0.471408240523812"
"30","2","1","0.0196078431372549","0.35","PropMr","0.303800950178308"
"31","2","1","0.0196078431372549","0.35","PropAnsMr","0.275050622894451"
"32","2","1","0.0196078431372549","0.35","IncidenceInfectionsGraves","6.1295703076469"
"33","2","1","0.0196078431372549","0.35","IncidenceInfectionsGravesAns","2.76876558570045"
"34","2","1","0.0196078431372549","0.35","IncidenceInfectionsGravesMr","1.79284069180881"
"35","2","1","0.0196078431372549","0.35","IncidenceInfectionsGravesAnsMr","1.61114488653975"
"36","2","2","0.0196078431372549","0.35","PropAns","0.458295411250673"
"37","2","2","0.0196078431372549","0.35","PropMr","0.29689193587399"
"38","2","2","0.0196078431372549","0.35","PropAnsMr","0.26743153915563"
"39","2","2","0.0196078431372549","0.35","IncidenceInfectionsGraves","6.1930605886643"
"40","2","2","0.0196078431372549","0.35","IncidenceInfectionsGravesAns","2.75757484523211"
"41","2","2","0.0196078431372549","0.35","IncidenceInfectionsGravesMr","1.79043327156418"
"42","2","2","0.0196078431372549","0.35","IncidenceInfectionsGravesAnsMr","1.60470586127829"
"43","2","3","0.0196078431372549","0.35","PropAns","0.441644613787111"
"44","2","3","0.0196078431372549","0.35","PropMr","0.288111166781707"
"45","2","3","0.0196078431372549","0.35","PropAnsMr","0.25774772183796"
"46","2","3","0.0196078431372549","0.35","IncidenceInfectionsGraves","6.27869610095976"
"47","2","3","0.0196078431372549","0.35","IncidenceInfectionsGravesAns","2.74307782239694"
"48","2","3","0.0196078431372549","0.35","IncidenceInfectionsGravesMr","1.78748149163484"
"49","2","3","0.0196078431372549","0.35","IncidenceInfectionsGravesAnsMr","1.5963440809944"
"50","2","4","0.0196078431372549","0.35","PropAns","0.414124404693544"
"51","2","4","0.0196078431372549","0.35","PropMr","0.27358367131974"
"52","2","4","0.0196078431372549","0.35","PropAnsMr","0.241723922145197"
"53","2","4","0.0196078431372549","0.35","IncidenceInfectionsGraves","6.42595199132794"
"54","2","4","0.0196078431372549","0.35","IncidenceInfectionsGravesAns","2.71551327194971"
"55","2","4","0.0196078431372549","0.35","IncidenceInfectionsGravesMr","1.78097743777855"
"56","2","4","0.0196078431372549","0.35","IncidenceInfectionsGravesAnsMr","1.58038302959133"
"57","3","1","0.0196078431372549","0.35","PropAns","0.471408240523812"
"58","3","1","0.0196078431372549","0.35","PropMr","0.303800950178308"
"59","3","1","0.0196078431372549","0.35","PropAnsMr","0.275050622894451"
"60","3","1","0.0196078431372549","0.35","IncidenceInfectionsGraves","6.1295703076469"
"61","3","1","0.0196078431372549","0.35","IncidenceInfectionsGravesAns","2.76876558570045"
"62","3","1","0.0196078431372549","0.35","IncidenceInfectionsGravesMr","1.79284069180881"
"63","3","1","0.0196078431372549","0.35","IncidenceInfectionsGravesAnsMr","1.61114488653975"
"64","3","2","0.0196078431372549","0.35","PropAns","0.509026827568508"
"65","3","2","0.0196078431372549","0.35","PropMr","0.323648940126464"
"66","3","2","0.0196078431372549","0.35","PropAnsMr","0.296941493685881"
"67","3","2","0.0196078431372549","0.35","IncidenceInfectionsGraves","6.21086535023035"
"68","3","2","0.0196078431372549","0.35","IncidenceInfectionsGravesAns","2.91966614022119"
"69","3","2","0.0196078431372549","0.35","IncidenceInfectionsGravesMr","1.87679722977622"
"70","3","2","0.0196078431372549","0.35","IncidenceInfectionsGravesAnsMr","1.69886593355755"
"71","3","3","0.0196078431372549","0.35","PropAns","0.529113046183157"
"72","3","3","0.0196078431372549","0.35","PropMr","0.334237209314716"
"73","3","3","0.0196078431372549","0.35","PropAnsMr","0.308620709537437"
"74","3","3","0.0196078431372549","0.35","IncidenceInfectionsGraves","6.25440772936418"
"75","3","3","0.0196078431372549","0.35","IncidenceInfectionsGravesAns","2.99789837123161"
"76","3","3","0.0196078431372549","0.35","IncidenceInfectionsGravesMr","1.92038958332247"
"77","3","3","0.0196078431372549","0.35","IncidenceInfectionsGravesAnsMr","1.74433477979082"
"78","3","4","0.0196078431372549","0.35","PropAns","0.56595535761714"
"79","3","4","0.0196078431372549","0.35","PropMr","0.353657267807635"
"80","3","4","0.0196078431372549","0.35","PropAnsMr","0.330041921442477"
"81","3","4","0.0196078431372549","0.35","IncidenceInfectionsGraves","6.3408906191657"
"82","3","4","0.0196078431372549","0.35","IncidenceInfectionsGravesAns","3.15459644267665"
"83","3","4","0.0196078431372549","0.35","IncidenceInfectionsGravesMr","2.00764974247164"
"84","3","4","0.0196078431372549","0.35","IncidenceInfectionsGravesAnsMr","1.8353930842787"
"85","4","1","0.0196078431372549","0.35","PropAns","0.471408240523812"
"86","4","1","0.0196078431372549","0.35","PropMr","0.303800950178308"
"87","4","1","0.0196078431372549","0.35","PropAnsMr","0.275050622894451"
"88","4","1","0.0196078431372549","0.35","IncidenceInfectionsGraves","6.1295703076469"
"89","4","1","0.0196078431372549","0.35","IncidenceInfectionsGravesAns","2.76876558570045"
"90","4","1","0.0196078431372549","0.35","IncidenceInfectionsGravesMr","1.79284069180881"
"91","4","1","0.0196078431372549","0.35","IncidenceInfectionsGravesAnsMr","1.61114488653975"
"92","4","2","0.0196078431372549","0.35","PropAns","0.455399759115183"
"93","4","2","0.0196078431372549","0.35","PropMr","0.324372563501651"
"94","4","2","0.0196078431372549","0.35","PropAnsMr","0.288207456382176"
"95","4","2","0.0196078431372549","0.35","IncidenceInfectionsGraves","6.107365280218"
"96","4","2","0.0196078431372549","0.35","IncidenceInfectionsGravesAns","2.70988157389573"
"97","4","2","0.0196078431372549","0.35","IncidenceInfectionsGravesMr","1.84796420082278"
"98","4","2","0.0196078431372549","0.35","IncidenceInfectionsGravesAnsMr","1.64476495523184"
"99","4","3","0.0196078431372549","0.35","PropAns","0.443808658593255"
"100","4","3","0.0196078431372549","0.35","PropMr","0.346645434731387"
"101","4","3","0.0196078431372549","0.35","PropAnsMr","0.301732201382107"
"102","4","3","0.0196078431372549","0.35","IncidenceInfectionsGraves","6.09605191461423"
"103","4","3","0.0196078431372549","0.35","IncidenceInfectionsGravesAns","2.66510991671519"
"104","4","3","0.0196078431372549","0.35","IncidenceInfectionsGravesMr","1.90950384450261"
"105","4","3","0.0196078431372549","0.35","IncidenceInfectionsGravesAnsMr","1.68193390361316"
"106","4","4","0.0196078431372549","0.35","PropAns","0.436555064099088"
"107","4","4","0.0196078431372549","0.35","PropMr","0.370986715804319"
"108","4","4","0.0196078431372549","0.35","PropAnsMr","0.315908661791145"
"109","4","4","0.0196078431372549","0.35","IncidenceInfectionsGraves","6.09543356231817"
"110","4","4","0.0196078431372549","0.35","IncidenceInfectionsGravesAns","2.63395078629597"
"111","4","4","0.0196078431372549","0.35","IncidenceInfectionsGravesMr","1.9784372734174"
"112","4","4","0.0196078431372549","0.35","IncidenceInfectionsGravesAnsMr","1.7233241164947"
"113","1","1","0.0196078431372549","0.52","PropAns","0.453914837247537"
"114","1","1","0.0196078431372549","0.52","PropMr","0.293638546173661"
"115","1","1","0.0196078431372549","0.52","PropAnsMr","0.26412184685497"
"116","1","1","0.0196078431372549","0.52","IncidenceInfectionsGraves","9.12091251072892"
"117","1","1","0.0196078431372549","0.52","IncidenceInfectionsGravesAns","4.04103394879693"
"118","1","1","0.0196078431372549","0.52","IncidenceInfectionsGravesMr","2.62198048763158"
"119","1","1","0.0196078431372549","0.52","IncidenceInfectionsGravesAnsMr","2.34819166788328"
"120","1","2","0.0196078431372549","0.52","PropAns","0.408484140272909"
"121","1","2","0.0196078431372549","0.52","PropMr","0.269729040140886"
"122","1","2","0.0196078431372549","0.52","PropAnsMr","0.23775298148017"
"123","1","2","0.0196078431372549","0.52","IncidenceInfectionsGraves","9.28464823349936"
"124","1","2","0.0196078431372549","0.52","IncidenceInfectionsGravesAns","3.90166747927611"
"125","1","2","0.0196078431372549","0.52","IncidenceInfectionsGravesMr","2.5575797089858"
"126","1","2","0.0196078431372549","0.52","IncidenceInfectionsGravesAnsMr","2.26743713596924"
"127","1","3","0.0196078431372549","0.52","PropAns","0.367173163111596"
"128","1","3","0.0196078431372549","0.52","PropMr","0.247977662622403"
"129","1","3","0.0196078431372549","0.52","PropAnsMr","0.213763425794645"
"130","1","3","0.0196078431372549","0.52","IncidenceInfectionsGraves","9.46050887460707"
"131","1","3","0.0196078431372549","0.52","IncidenceInfectionsGravesAns","3.77146633917214"
"132","1","3","0.0196078431372549","0.52","IncidenceInfectionsGravesMr","2.49863002766755"
"133","1","3","0.0196078431372549","0.52","IncidenceInfectionsGravesAnsMr","2.19197017590063"
"134","1","4","0.0196078431372549","0.52","PropAns","0.330481446077832"
"135","1","4","0.0196078431372549","0.52","PropMr","0.228650544202423"
"136","1","4","0.0196078431372549","0.52","PropAnsMr","0.192446339513155"
"137","1","4","0.0196078431372549","0.52","IncidenceInfectionsGraves","9.6476922031526"
"138","1","4","0.0196078431372549","0.52","IncidenceInfectionsGravesAns","3.65133099548064"
"139","1","4","0.0196078431372549","0.52","IncidenceInfectionsGravesMr","2.44556662704807"
"140","1","4","0.0196078431372549","0.52","IncidenceInfectionsGravesAnsMr","2.12231749441801"
"141","2","1","0.0196078431372549","0.52","PropAns","0.453914837247537"
"142","2","1","0.0196078431372549","0.52","PropMr","0.293638546173661"
"143","2","1","0.0196078431372549","0.52","PropAnsMr","0.26412184685497"
"144","2","1","0.0196078431372549","0.52","IncidenceInfectionsGraves","9.12091251072892"
"145","2","1","0.0196078431372549","0.52","IncidenceInfectionsGravesAns","4.04103394879693"
"146","2","1","0.0196078431372549","0.52","IncidenceInfectionsGravesMr","2.62198048763158"
"147","2","1","0.0196078431372549","0.52","IncidenceInfectionsGravesAnsMr","2.34819166788328"
"148","2","2","0.0196078431372549","0.52","PropAns","0.43756688356118"
"149","2","2","0.0196078431372549","0.52","PropMr","0.285045304741372"
"150","2","2","0.0196078431372549","0.52","PropAnsMr","0.254648161676702"
"151","2","2","0.0196078431372549","0.52","IncidenceInfectionsGraves","9.18185963818246"
"152","2","2","0.0196078431372549","0.52","IncidenceInfectionsGravesAns","3.99341082284832"
"153","2","2","0.0196078431372549","0.52","IncidenceInfectionsGravesMr","2.60029031416535"
"154","2","2","0.0196078431372549","0.52","IncidenceInfectionsGravesAnsMr","2.32066415851265"
"155","2","3","0.0196078431372549","0.52","PropAns","0.418099117533832"
"156","2","3","0.0196078431372549","0.52","PropMr","0.274804218979393"
"157","2","3","0.0196078431372549","0.52","PropAnsMr","0.243357083546027"
"158","2","3","0.0196078431372549","0.52","IncidenceInfectionsGraves","9.2622034641307"
"159","2","3","0.0196078431372549","0.52","IncidenceInfectionsGravesAns","3.93628531740693"
"160","2","3","0.0196078431372549","0.52","IncidenceInfectionsGravesMr","2.57463966151935"
"161","2","3","0.0196078431372549","0.52","IncidenceInfectionsGravesAnsMr","2.28761513557281"
"162","2","4","0.0196078431372549","0.52","PropAns","0.388914254933157"
"163","2","4","0.0196078431372549","0.52","PropMr","0.259438506749731"
"164","2","4","0.0196078431372549","0.52","PropAnsMr","0.226412842388825"
"165","2","4","0.0196078431372549","0.52","IncidenceInfectionsGraves","9.39516065719163"
"166","2","4","0.0196078431372549","0.52","IncidenceInfectionsGravesAns","3.84776733057463"
"167","2","4","0.0196078431372549","0.52","IncidenceInfectionsGravesMr","2.53530300651871"
"168","2","4","0.0196078431372549","0.52","IncidenceInfectionsGravesAnsMr","2.23633897611045"
"169","3","1","0.0196078431372549","0.52","PropAns","0.453914837247537"
"170","3","1","0.0196078431372549","0.52","PropMr","0.293638546173661"
"171","3","1","0.0196078431372549","0.52","PropAnsMr","0.26412184685497"
"172","3","1","0.0196078431372549","0.52","IncidenceInfectionsGraves","9.12091251072892"
"173","3","1","0.0196078431372549","0.52","IncidenceInfectionsGravesAns","4.04103394879693"
"174","3","1","0.0196078431372549","0.52","IncidenceInfectionsGravesMr","2.62198048763158"
"175","3","1","0.0196078431372549","0.52","IncidenceInfectionsGravesAnsMr","2.34819166788328"
"176","3","2","0.0196078431372549","0.52","PropAns","0.495863027230407"
"177","3","2","0.0196078431372549","0.52","PropMr","0.315706169821416"
"178","3","2","0.0196078431372549","0.52","PropAnsMr","0.288454065812155"
"179","3","2","0.0196078431372549","0.52","IncidenceInfectionsGraves","9.19811062225575"
"180","3","2","0.0196078431372549","0.52","IncidenceInfectionsGravesAns","4.25993658385514"
"181","3","2","0.0196078431372549","0.52","IncidenceInfectionsGravesMr","2.74131260819742"
"182","3","2","0.0196078431372549","0.52","IncidenceInfectionsGravesAnsMr","2.47515669330083"
"183","3","3","0.0196078431372549","0.52","PropAns","0.518758645471321"
"184","3","3","0.0196078431372549","0.52","PropMr","0.327739503343875"
"185","3","3","0.0196078431372549","0.52","PropAnsMr","0.30172350458796"
"186","3","3","0.0196078431372549","0.52","IncidenceInfectionsGraves","9.24040443301421"
"187","3","3","0.0196078431372549","0.52","IncidenceInfectionsGravesAns","4.37347560092501"
"188","3","3","0.0196078431372549","0.52","IncidenceInfectionsGravesMr","2.80330893836344"
"189","3","3","0.0196078431372549","0.52","IncidenceInfectionsGravesAnsMr","2.54099111598986"
"190","3","4","0.0196078431372549","0.52","PropAns","0.560406380926126"
"191","3","4","0.0196078431372549","0.52","PropMr","0.349625579145012"
"192","3","4","0.0196078431372549","0.52","PropAnsMr","0.325858301812431"
"193","3","4","0.0196078431372549","0.52","IncidenceInfectionsGraves","9.3225778043752"
"194","3","4","0.0196078431372549","0.52","IncidenceInfectionsGravesAns","4.59826278938802"
"195","3","4","0.0196078431372549","0.52","IncidenceInfectionsGravesMr","2.92593993817696"
"196","3","4","0.0196078431372549","0.52","IncidenceInfectionsGravesAnsMr","2.67130518123876"
"197","4","1","0.0196078431372549","0.52","PropAns","0.453914837247537"
"198","4","1","0.0196078431372549","0.52","PropMr","0.293638546173661"
"199","4","1","0.0196078431372549","0.52","PropAnsMr","0.26412184685497"
"200","4","1","0.0196078431372549","0.52","IncidenceInfectionsGraves","9.12091251072892"
"201","4","1","0.0196078431372549","0.52","IncidenceInfectionsGravesAns","4.04103394879693"
"202","4","1","0.0196078431372549","0.52","IncidenceInfectionsGravesMr","2.62198048763158"
"203","4","1","0.0196078431372549","0.52","IncidenceInfectionsGravesAnsMr","2.34819166788328"
"204","4","2","0.0196078431372549","0.52","PropAns","0.438250622300221"
"205","4","2","0.0196078431372549","0.52","PropMr","0.316305459322294"
"206","4","2","0.0196078431372549","0.52","PropAnsMr","0.278559165369123"
"207","4","2","0.0196078431372549","0.52","IncidenceInfectionsGraves","9.10096559421713"
"208","4","2","0.0196078431372549","0.52","IncidenceInfectionsGravesAns","3.95897267312102"
"209","4","2","0.0196078431372549","0.52","IncidenceInfectionsGravesMr","2.71720438563471"
"210","4","2","0.0196078431372549","0.52","IncidenceInfectionsGravesAnsMr","2.40764437763245"
"211","4","3","0.0196078431372549","0.52","PropAns","0.427732500923458"
"212","4","3","0.0196078431372549","0.52","PropMr","0.341152768956833"
"213","4","3","0.0196078431372549","0.52","PropAnsMr","0.293590084994339"
"214","4","3","0.0196078431372549","0.52","IncidenceInfectionsGraves","9.09282458293556"
"215","4","3","0.0196078431372549","0.52","IncidenceInfectionsGravesAns","3.89778368169485"
"216","4","3","0.0196078431372549","0.52","IncidenceInfectionsGravesMr","2.82204820867951"
"217","4","3","0.0196078431372549","0.52","IncidenceInfectionsGravesAnsMr","2.47175018240185"
"218","4","4","0.0196078431372549","0.52","PropAns","0.422213838604679"
"219","4","4","0.0196078431372549","0.52","PropMr","0.368610932705979"
"220","4","4","0.0196078431372549","0.52","PropAnsMr","0.309550013801481"
"221","4","4","0.0196078431372549","0.52","IncidenceInfectionsGraves","9.09632014570841"
"222","4","4","0.0196078431372549","0.52","IncidenceInfectionsGravesAns","3.85684772784771"
"223","4","4","0.0196078431372549","0.52","IncidenceInfectionsGravesMr","2.93803730358992"
"224","4","4","0.0196078431372549","0.52","IncidenceInfectionsGravesAnsMr","2.54158598096968"
"225","1","1","0.0196078431372549","0.56","PropAns","0.448010867277384"
"226","1","1","0.0196078431372549","0.56","PropMr","0.290213076013432"
"227","1","1","0.0196078431372549","0.56","PropAnsMr","0.26044121841308"
"228","1","1","0.0196078431372549","0.56","IncidenceInfectionsGraves","9.82566797138791"
"229","1","1","0.0196078431372549","0.56","IncidenceInfectionsGravesAns","4.32436436422979"
"230","1","1","0.0196078431372549","0.56","IncidenceInfectionsGravesMr","2.80781699164739"
"231","1","1","0.0196078431372549","0.56","IncidenceInfectionsGravesAnsMr","2.51163078063002"
"232","1","2","0.0196078431372549","0.56","PropAns","0.402015648643232"
"233","1","2","0.0196078431372549","0.56","PropMr","0.266029141649808"
"234","1","2","0.0196078431372549","0.56","PropAnsMr","0.233772070185852"
"235","1","2","0.0196078431372549","0.56","IncidenceInfectionsGraves","9.98059374316437"
"236","1","2","0.0196078431372549","0.56","IncidenceInfectionsGravesAns","4.16101844683377"
"237","1","2","0.0196078431372549","0.56","IncidenceInfectionsGravesMr","2.73037619511"
"238","1","2","0.0196078431372549","0.56","IncidenceInfectionsGravesAnsMr","2.41703828068797"
"239","1","3","0.0196078431372549","0.56","PropAns","0.360388413423955"
"240","1","3","0.0196078431372549","0.56","PropMr","0.24413119303591"
"241","1","3","0.0196078431372549","0.56","PropAnsMr","0.209622897066167"
"242","1","3","0.0196078431372549","0.56","IncidenceInfectionsGraves","10.1474178903805"
"243","1","3","0.0196078431372549","0.56","IncidenceInfectionsGravesAns","4.00875142707998"
"244","1","3","0.0196078431372549","0.56","IncidenceInfectionsGravesMr","2.65937089699496"
"245","1","3","0.0196078431372549","0.56","IncidenceInfectionsGravesAnsMr","2.32883250142083"
"246","1","4","0.0196078431372549","0.56","PropAns","0.32362812469208"
"247","1","4","0.0196078431372549","0.56","PropMr","0.224785125613183"
"248","1","4","0.0196078431372549","0.56","PropAnsMr","0.188286572511904"
"249","1","4","0.0196078431372549","0.56","IncidenceInfectionsGraves","10.3252993331038"
"250","1","4","0.0196078431372549","0.56","IncidenceInfectionsGravesAns","3.86859495880368"
"251","1","4","0.0196078431372549","0.56","IncidenceInfectionsGravesMr","2.59530410549756"
"252","1","4","0.0196078431372549","0.56","IncidenceInfectionsGravesAnsMr","2.24761703390502"
"253","2","1","0.0196078431372549","0.56","PropAns","0.448010867277384"
"254","2","1","0.0196078431372549","0.56","PropMr","0.290213076013432"
"255","2","1","0.0196078431372549","0.56","PropAnsMr","0.26044121841308"
"256","2","1","0.0196078431372549","0.56","IncidenceInfectionsGraves","9.82566797138791"
"257","2","1","0.0196078431372549","0.56","IncidenceInfectionsGravesAns","4.32436436422979"
"258","2","1","0.0196078431372549","0.56","IncidenceInfectionsGravesMr","2.80781699164739"
"259","2","1","0.0196078431372549","0.56","IncidenceInfectionsGravesAnsMr","2.51163078063002"
"260","2","2","0.0196078431372549","0.56","PropAns","0.430562296738231"
"261","2","2","0.0196078431372549","0.56","PropMr","0.281048593705473"
"262","2","2","0.0196078431372549","0.56","PropAnsMr","0.250338845247508"
"263","2","2","0.0196078431372549","0.56","IncidenceInfectionsGraves","9.884863779888"
"264","2","2","0.0196078431372549","0.56","IncidenceInfectionsGravesAns","4.264324897606"
"265","2","2","0.0196078431372549","0.56","IncidenceInfectionsGravesMr","2.77952126498164"
"266","2","2","0.0196078431372549","0.56","IncidenceInfectionsGravesAnsMr","2.47693299005248"
"267","2","3","0.0196078431372549","0.56","PropAns","0.410161311898855"
"268","2","3","0.0196078431372549","0.56","PropMr","0.270325235755495"
"269","2","3","0.0196078431372549","0.56","PropAnsMr","0.238517338520836"
"270","2","3","0.0196078431372549","0.56","IncidenceInfectionsGraves","9.96252182637394"
"271","2","3","0.0196078431372549","0.56","IncidenceInfectionsGravesAns","4.19349415030257"
"272","2","3","0.0196078431372549","0.56","IncidenceInfectionsGravesMr","2.74653574233226"
"273","2","3","0.0196078431372549","0.56","IncidenceInfectionsGravesAnsMr","2.43596668551888"
"274","2","4","0.0196078431372549","0.56","PropAns","0.380471695635343"
"275","2","4","0.0196078431372549","0.56","PropMr","0.254707046855738"
"276","2","4","0.0196078431372549","0.56","PropAnsMr","0.221296360129652"
"277","2","4","0.0196078431372549","0.56","IncidenceInfectionsGraves","10.0897161055436"
"278","2","4","0.0196078431372549","0.56","IncidenceInfectionsGravesAns","4.08739089356548"
"279","2","4","0.0196078431372549","0.56","IncidenceInfectionsGravesMr","2.69766213893281"
"280","2","4","0.0196078431372549","0.56","IncidenceInfectionsGravesAnsMr","2.37453160821599"
"281","3","1","0.0196078431372549","0.56","PropAns","0.448010867277384"
"282","3","1","0.0196078431372549","0.56","PropMr","0.290213076013432"
"283","3","1","0.0196078431372549","0.56","PropAnsMr","0.26044121841308"
"284","3","1","0.0196078431372549","0.56","IncidenceInfectionsGraves","9.82566797138791"
"285","3","1","0.0196078431372549","0.56","IncidenceInfectionsGravesAns","4.32436436422979"
"286","3","1","0.0196078431372549","0.56","IncidenceInfectionsGravesMr","2.80781699164739"
"287","3","1","0.0196078431372549","0.56","IncidenceInfectionsGravesAnsMr","2.51163078063002"
"288","3","2","0.0196078431372549","0.56","PropAns","0.491543462904759"
"289","3","2","0.0196078431372549","0.56","PropMr","0.31309005980434"
"290","3","2","0.0196078431372549","0.56","PropAnsMr","0.285663788356078"
"291","3","2","0.0196078431372549","0.56","IncidenceInfectionsGraves","9.90049175451409"
"292","3","2","0.0196078431372549","0.56","IncidenceInfectionsGravesAns","4.56228929001008"
"293","3","2","0.0196078431372549","0.56","IncidenceInfectionsGravesMr","2.93693292586203"
"294","3","2","0.0196078431372549","0.56","IncidenceInfectionsGravesAnsMr","2.64952051723695"
"295","3","3","0.0196078431372549","0.56","PropAns","0.515473040865363"
"296","3","3","0.0196078431372549","0.56","PropMr","0.325653291329164"
"297","3","3","0.0196078431372549","0.56","PropAnsMr","0.299516387373243"
"298","3","3","0.0196078431372549","0.56","IncidenceInfectionsGraves","9.94177196449611"
"299","3","3","0.0196078431372549","0.56","IncidenceInfectionsGravesAns","4.68587999407758"
"300","3","3","0.0196078431372549","0.56","IncidenceInfectionsGravesMr","3.00410887288933"
"301","3","3","0.0196078431372549","0.56","IncidenceInfectionsGravesAnsMr","2.72112462111173"
"302","3","4","0.0196078431372549","0.56","PropAns","0.55886114562885"
"303","3","4","0.0196078431372549","0.56","PropMr","0.348428719498098"
"304","3","4","0.0196078431372549","0.56","PropAnsMr","0.324629869155744"
"305","3","4","0.0196078431372549","0.56","IncidenceInfectionsGraves","10.0214471639807"
"306","3","4","0.0196078431372549","0.56","IncidenceInfectionsGravesAns","4.92994137590636"
"307","3","4","0.0196078431372549","0.56","IncidenceInfectionsGravesMr","3.13663503723072"
"308","3","4","0.0196078431372549","0.56","IncidenceInfectionsGravesAnsMr","2.86249487570472"
"309","4","1","0.0196078431372549","0.56","PropAns","0.448010867277384"
"310","4","1","0.0196078431372549","0.56","PropMr","0.290213076013432"
"311","4","1","0.0196078431372549","0.56","PropAnsMr","0.26044121841308"
"312","4","1","0.0196078431372549","0.56","IncidenceInfectionsGraves","9.82566797138791"
"313","4","1","0.0196078431372549","0.56","IncidenceInfectionsGravesAns","4.32436436422979"
"314","4","1","0.0196078431372549","0.56","IncidenceInfectionsGravesMr","2.80781699164739"
"315","4","1","0.0196078431372549","0.56","IncidenceInfectionsGravesAnsMr","2.51163078063002"
"316","4","2","0.0196078431372549","0.56","PropAns","0.43251806351051"
"317","4","2","0.0196078431372549","0.56","PropMr","0.313642985355309"
"318","4","2","0.0196078431372549","0.56","PropAnsMr","0.27534785743757"
"319","4","2","0.0196078431372549","0.56","IncidenceInfectionsGraves","9.80673143385228"
"320","4","2","0.0196078431372549","0.56","IncidenceInfectionsGravesAns","4.23711346199184"
"321","4","2","0.0196078431372549","0.56","IncidenceInfectionsGravesMr","2.91472612635551"
"322","4","2","0.0196078431372549","0.56","IncidenceInfectionsGravesAnsMr","2.57862668708862"
"323","4","3","0.0196078431372549","0.56","PropAns","0.422434721695962"
"324","4","3","0.0196078431372549","0.56","PropMr","0.339436275644616"
"325","4","3","0.0196078431372549","0.56","PropAnsMr","0.290935684028627"
"326","4","3","0.0196078431372549","0.56","IncidenceInfectionsGraves","9.79961753221833"
"327","4","3","0.0196078431372549","0.56","IncidenceInfectionsGravesAns","4.17272872819919"
"328","4","3","0.0196078431372549","0.56","IncidenceInfectionsGravesMr","3.03226520437173"
"329","4","3","0.0196078431372549","0.56","IncidenceInfectionsGravesAnsMr","2.65061062986877"
"330","4","4","0.0196078431372549","0.56","PropAns","0.417587064826523"
"331","4","4","0.0196078431372549","0.56","PropMr","0.36804475046616"
"332","4","4","0.0196078431372549","0.56","PropAnsMr","0.307558047370585"
"333","4","4","0.0196078431372549","0.56","IncidenceInfectionsGraves","9.80417084816128"
"334","4","4","0.0196078431372549","0.56","IncidenceInfectionsGravesAns","4.13054272352088"
"335","4","4","0.0196078431372549","0.56","IncidenceInfectionsGravesMr","3.1621287760098"
"336","4","4","0.0196078431372549","0.56","IncidenceInfectionsGravesAnsMr","2.72878723737907"
"337","1","1","0.0232558139534884","0.35","PropAns","0.452023717702377"
"338","1","1","0.0232558139534884","0.35","PropMr","0.292527355975721"
"339","1","1","0.0232558139534884","0.35","PropAnsMr","0.262935930788642"
"340","1","1","0.0232558139534884","0.35","IncidenceInfectionsGraves","6.133968696408"
"341","1","1","0.0232558139534884","0.35","IncidenceInfectionsGravesAns","2.71190258768693"
"342","1","1","0.0232558139534884","0.35","IncidenceInfectionsGravesMr","1.75994041263325"
"343","1","1","0.0232558139534884","0.35","IncidenceInfectionsGravesAnsMr","1.57558780184531"
"344","1","2","0.0232558139534884","0.35","PropAns","0.408384924633149"
"345","1","2","0.0232558139534884","0.35","PropMr","0.269555317494863"
"346","1","2","0.0232558139534884","0.35","PropAnsMr","0.237605618449015"
"347","1","2","0.0232558139534884","0.35","IncidenceInfectionsGraves","6.30826505321305"
"348","1","2","0.0232558139534884","0.35","IncidenceInfectionsGravesAns","2.65033240561541"
"349","1","2","0.0232558139534884","0.35","IncidenceInfectionsGravesMr","1.73700697647906"
"350","1","2","0.0232558139534884","0.35","IncidenceInfectionsGravesAnsMr","1.53994294807585"
"351","1","3","0.0232558139534884","0.35","PropAns","0.368679019314346"
"352","1","3","0.0232558139534884","0.35","PropMr","0.248645282846003"
"353","1","3","0.0232558139534884","0.35","PropAnsMr","0.214548513520406"
"354","1","3","0.0232558139534884","0.35","IncidenceInfectionsGraves","6.49455756451453"
"355","1","3","0.0232558139534884","0.35","IncidenceInfectionsGravesAns","2.59298587224637"
"356","1","3","0.0232558139534884","0.35","IncidenceInfectionsGravesMr","1.71693029879658"
"357","1","3","0.0232558139534884","0.35","IncidenceInfectionsGravesAnsMr","1.50673409143809"
"358","1","4","0.0232558139534884","0.35","PropAns","0.33330432836513"
"359","1","4","0.0232558139534884","0.35","PropMr","0.230009608973807"
"360","1","4","0.0232558139534884","0.35","PropAnsMr","0.193998430642638"
"361","1","4","0.0232558139534884","0.35","IncidenceInfectionsGraves","6.69224177033083"
"362","1","4","0.0232558139534884","0.35","IncidenceInfectionsGravesAns","2.54034495114901"
"363","1","4","0.0232558139534884","0.35","IncidenceInfectionsGravesMr","1.69993337838248"
"364","1","4","0.0232558139534884","0.35","IncidenceInfectionsGravesAnsMr","1.47624243579344"
"365","2","1","0.0232558139534884","0.35","PropAns","0.452023717702377"
"366","2","1","0.0232558139534884","0.35","PropMr","0.292527355975721"
"367","2","1","0.0232558139534884","0.35","PropAnsMr","0.262935930788642"
"368","2","1","0.0232558139534884","0.35","IncidenceInfectionsGraves","6.133968696408"
"369","2","1","0.0232558139534884","0.35","IncidenceInfectionsGravesAns","2.71190258768693"
"370","2","1","0.0232558139534884","0.35","IncidenceInfectionsGravesMr","1.75994041263325"
"371","2","1","0.0232558139534884","0.35","IncidenceInfectionsGravesAnsMr","1.57558780184531"
"372","2","2","0.0232558139534884","0.35","PropAns","0.437802487952339"
"373","2","2","0.0232558139534884","0.35","PropMr","0.285050783864196"
"374","2","2","0.0232558139534884","0.35","PropAnsMr","0.254694952919803"
"375","2","2","0.0232558139534884","0.35","IncidenceInfectionsGraves","6.196958874151"
"376","2","2","0.0232558139534884","0.35","IncidenceInfectionsGravesAns","2.69589614272792"
"377","2","2","0.0232558139534884","0.35","IncidenceInfectionsGravesMr","1.75496578126625"
"378","2","2","0.0232558139534884","0.35","IncidenceInfectionsGravesAnsMr","1.56636865295495"
"379","2","3","0.0232558139534884","0.35","PropAns","0.420352492068715"
"380","2","3","0.0232558139534884","0.35","PropMr","0.275869950692397"
"381","2","3","0.0232558139534884","0.35","PropAnsMr","0.244574682583902"
"382","2","3","0.0232558139534884","0.35","IncidenceInfectionsGraves","6.28025035301375"
"383","2","3","0.0232558139534884","0.35","IncidenceInfectionsGravesAns","2.67603582387457"
"384","2","3","0.0232558139534884","0.35","IncidenceInfectionsGravesMr","1.7490568816755"
"385","2","3","0.0232558139534884","0.35","IncidenceInfectionsGravesAnsMr","1.55491253531983"
"386","2","4","0.0232558139534884","0.35","PropAns","0.392875525280397"
"387","2","4","0.0232558139534884","0.35","PropMr","0.261401589172696"
"388","2","4","0.0232558139534884","0.35","PropAnsMr","0.228622912699862"
"389","2","4","0.0232558139534884","0.35","IncidenceInfectionsGraves","6.41954089862331"
"390","2","4","0.0232558139534884","0.35","IncidenceInfectionsGravesAns","2.64181022469248"
"391","2","4","0.0232558139534884","0.35","IncidenceInfectionsGravesMr","1.73860909553074"
"392","2","4","0.0232558139534884","0.35","IncidenceInfectionsGravesAnsMr","1.53512051701634"
"393","3","1","0.0232558139534884","0.35","PropAns","0.452023717702377"
"394","3","1","0.0232558139534884","0.35","PropMr","0.292527355975721"
"395","3","1","0.0232558139534884","0.35","PropAnsMr","0.262935930788642"
"396","3","1","0.0232558139534884","0.35","IncidenceInfectionsGraves","6.133968696408"
"397","3","1","0.0232558139534884","0.35","IncidenceInfectionsGravesAns","2.71190258768693"
"398","3","1","0.0232558139534884","0.35","IncidenceInfectionsGravesMr","1.75994041263325"
"399","3","1","0.0232558139534884","0.35","IncidenceInfectionsGravesAnsMr","1.57558780184531"
"400","3","2","0.0232558139534884","0.35","PropAns","0.492707698444917"
"401","3","2","0.0232558139534884","0.35","PropMr","0.313930425339322"
"402","3","2","0.0232558139534884","0.35","PropAnsMr","0.286532599937436"
"403","3","2","0.0232558139534884","0.35","IncidenceInfectionsGraves","6.20986312847114"
"404","3","2","0.0232558139534884","0.35","IncidenceInfectionsGravesAns","2.86662369771069"
"405","3","2","0.0232558139534884","0.35","IncidenceInfectionsGravesMr","1.84544215393854"
"406","3","2","0.0232558139534884","0.35","IncidenceInfectionsGravesAnsMr","1.66533115168345"
"407","3","3","0.0232558139534884","0.35","PropAns","0.514663264273306"
"408","3","3","0.0232558139534884","0.35","PropMr","0.325470380626718"
"409","3","3","0.0232558139534884","0.35","PropAnsMr","0.29925652438635"
"410","3","3","0.0232558139534884","0.35","IncidenceInfectionsGraves","6.25095159454666"
"411","3","3","0.0232558139534884","0.35","IncidenceInfectionsGravesAns","2.94701283564797"
"412","3","3","0.0232558139534884","0.35","IncidenceInfectionsGravesMr","1.88994377659968"
"413","3","3","0.0232558139534884","0.35","IncidenceInfectionsGravesAnsMr","1.71194778530015"
"414","3","4","0.0232558139534884","0.35","PropAns","0.555510655184543"
"415","3","4","0.0232558139534884","0.35","PropMr","0.346936991334205"
"416","3","4","0.0232558139534884","0.35","PropAnsMr","0.322926027330231"
"417","3","4","0.0232558139534884","0.35","IncidenceInfectionsGraves","6.3337662271496"
"418","3","4","0.0232558139534884","0.35","IncidenceInfectionsGravesAns","3.11048974493077"
"419","3","4","0.0232558139534884","0.35","IncidenceInfectionsGravesMr","1.98038282630884"
"420","3","4","0.0232558139534884","0.35","IncidenceInfectionsGravesAnsMr","1.80672796388111"
"421","4","1","0.0232558139534884","0.35","PropAns","0.452023717702377"
"422","4","1","0.0232558139534884","0.35","PropMr","0.292527355975721"
"423","4","1","0.0232558139534884","0.35","PropAnsMr","0.262935930788642"
"424","4","1","0.0232558139534884","0.35","IncidenceInfectionsGraves","6.133968696408"
"425","4","1","0.0232558139534884","0.35","IncidenceInfectionsGravesAns","2.71190258768693"
"426","4","1","0.0232558139534884","0.35","IncidenceInfectionsGravesMr","1.75994041263325"
"427","4","1","0.0232558139534884","0.35","IncidenceInfectionsGravesAnsMr","1.57558780184531"
"428","4","2","0.0232558139534884","0.35","PropAns","0.43687715342283"
"429","4","2","0.0232558139534884","0.35","PropMr","0.314012492375242"
"430","4","2","0.0232558139534884","0.35","PropAnsMr","0.276582429616335"
"431","4","2","0.0232558139534884","0.35","IncidenceInfectionsGraves","6.11618497105086"
"432","4","2","0.0232558139534884","0.35","IncidenceInfectionsGravesAns","2.65654055484808"
"433","4","2","0.0232558139534884","0.35","IncidenceInfectionsGravesMr","1.81926473967426"
"434","4","2","0.0232558139534884","0.35","IncidenceInfectionsGravesAnsMr","1.61214000217658"
"435","4","3","0.0232558139534884","0.35","PropAns","0.426548225534036"
"436","4","3","0.0232558139534884","0.35","PropMr","0.337565239685776"
"437","4","3","0.0232558139534884","0.35","PropAnsMr","0.290852132067215"
"438","4","3","0.0232558139534884","0.35","IncidenceInfectionsGraves","6.10885109992325"
"439","4","3","0.0232558139534884","0.35","IncidenceInfectionsGravesAns","2.61565404437224"
"440","4","3","0.0232558139534884","0.35","IncidenceInfectionsGravesMr","1.88552066971743"
"441","4","3","0.0232558139534884","0.35","IncidenceInfectionsGravesAnsMr","1.65250113919603"
"442","4","4","0.0232558139534884","0.35","PropAns","0.420899220752815"
"443","4","4","0.0232558139534884","0.35","PropMr","0.363570702626788"
"444","4","4","0.0232558139534884","0.35","PropAnsMr","0.306041134138999"
"445","4","4","0.0232558139534884","0.35","IncidenceInfectionsGraves","6.11180737862855"
"446","4","4","0.0232558139534884","0.35","IncidenceInfectionsGravesAns","2.58874738681403"
"447","4","4","0.0232558139534884","0.35","IncidenceInfectionsGravesMr","1.95975230964501"
"448","4","4","0.0232558139534884","0.35","IncidenceInfectionsGravesAnsMr","1.69738755760614"
"449","1","1","0.0232558139534884","0.52","PropAns","0.432449837102214"
"450","1","1","0.0232558139534884","0.52","PropMr","0.281178942176505"
"451","1","1","0.0232558139534884","0.52","PropAnsMr","0.250751445881996"
"452","1","1","0.0232558139534884","0.52","IncidenceInfectionsGraves","9.12746136721964"
"453","1","1","0.0232558139534884","0.52","IncidenceInfectionsGravesAns","3.94585258897391"
"454","1","1","0.0232558139534884","0.52","IncidenceInfectionsGravesMr","2.56696455035564"
"455","1","1","0.0232558139534884","0.52","IncidenceInfectionsGravesAnsMr","2.28882950741813"
"456","1","2","0.0232558139534884","0.52","PropAns","0.387078120478741"
"457","1","2","0.0232558139534884","0.52","PropMr","0.257372871930362"
"458","1","2","0.0232558139534884","0.52","PropAnsMr","0.224508414473958"
"459","1","2","0.0232558139534884","0.52","IncidenceInfectionsGraves","9.27843288717254"
"460","1","2","0.0232558139534884","0.52","IncidenceInfectionsGravesAns","3.79635058241831"
"461","1","2","0.0232558139534884","0.52","IncidenceInfectionsGravesMr","2.4966728343503"
"462","1","2","0.0232558139534884","0.52","IncidenceInfectionsGravesAnsMr","2.20240764650339"
"463","1","3","0.0232558139534884","0.52","PropAns","0.346443456301189"
"464","1","3","0.0232558139534884","0.52","PropMr","0.236041925731156"
"465","1","3","0.0232558139534884","0.52","PropAnsMr","0.200992882581256"
"466","1","3","0.0232558139534884","0.52","IncidenceInfectionsGraves","9.44059788565152"
"467","1","3","0.0232558139534884","0.52","IncidenceInfectionsGravesAns","3.65777435318663"
"468","1","3","0.0232558139534884","0.52","IncidenceInfectionsGravesMr","2.43268814759607"
"469","1","3","0.0232558139534884","0.52","IncidenceInfectionsGravesAnsMr","2.1222738163374"
"470","1","4","0.0232558139534884","0.52","PropAns","0.310923371729972"
"471","1","4","0.0232558139534884","0.52","PropMr","0.217387865814718"
"472","1","4","0.0232558139534884","0.52","PropAnsMr","0.180426940523927"
"473","1","4","0.0232558139534884","0.52","IncidenceInfectionsGraves","9.61308560304767"
"474","1","4","0.0232558139534884","0.52","IncidenceInfectionsGravesAns","3.53095476479958"
"475","1","4","0.0232558139534884","0.52","IncidenceInfectionsGravesMr","2.37540574162981"
"476","1","4","0.0232558139534884","0.52","IncidenceInfectionsGravesAnsMr","2.04891424080847"
"477","2","1","0.0232558139534884","0.52","PropAns","0.432449837102214"
"478","2","1","0.0232558139534884","0.52","PropMr","0.281178942176505"
"479","2","1","0.0232558139534884","0.52","PropAnsMr","0.250751445881996"
"480","2","1","0.0232558139534884","0.52","IncidenceInfectionsGraves","9.12746136721964"
"481","2","1","0.0232558139534884","0.52","IncidenceInfectionsGravesAns","3.94585258897391"
"482","2","1","0.0232558139534884","0.52","IncidenceInfectionsGravesMr","2.56696455035564"
"483","2","1","0.0232558139534884","0.52","IncidenceInfectionsGravesAnsMr","2.28882950741813"
"484","2","2","0.0232558139534884","0.52","PropAns","0.414656617594925"
"485","2","2","0.0232558139534884","0.52","PropMr","0.271850785761875"
"486","2","2","0.0232558139534884","0.52","PropAnsMr","0.240472885054195"
"487","2","2","0.0232558139534884","0.52","IncidenceInfectionsGraves","9.18734164067482"
"488","2","2","0.0232558139534884","0.52","IncidenceInfectionsGravesAns","3.88922940432508"
"489","2","2","0.0232558139534884","0.52","IncidenceInfectionsGravesMr","2.54052409229254"
"490","2","2","0.0232558139534884","0.52","IncidenceInfectionsGravesAnsMr","2.25615837726622"
"491","2","3","0.0232558139534884","0.52","PropAns","0.3941958715241"
"492","2","3","0.0232558139534884","0.52","PropMr","0.261116654412131"
"493","2","3","0.0232558139534884","0.52","PropAnsMr","0.228644262445489"
"494","2","3","0.0232558139534884","0.52","IncidenceInfectionsGraves","9.2648847971093"
"495","2","3","0.0232558139534884","0.52","IncidenceInfectionsGravesAns","3.82328267414552"
"496","2","3","0.0232558139534884","0.52","IncidenceInfectionsGravesMr","2.51012722261437"
"497","2","3","0.0232558139534884","0.52","IncidenceInfectionsGravesAnsMr","2.21807963376251"
"498","2","4","0.0232558139534884","0.52","PropAns","0.365136618126284"
"499","2","4","0.0232558139534884","0.52","PropMr","0.24586102086669"
"500","2","4","0.0232558139534884","0.52","PropAnsMr","0.211829318154438"
"501","2","4","0.0232558139534884","0.52","IncidenceInfectionsGraves","9.38957212563224"
"502","2","4","0.0232558139534884","0.52","IncidenceInfectionsGravesAns","3.72646435826104"
"503","2","4","0.0232558139534884","0.52","IncidenceInfectionsGravesMr","2.46604502741682"
"504","2","4","0.0232558139534884","0.52","IncidenceInfectionsGravesAnsMr","2.16211661787113"
"505","3","1","0.0232558139534884","0.52","PropAns","0.432449837102214"
"506","3","1","0.0232558139534884","0.52","PropMr","0.281178942176505"
"507","3","1","0.0232558139534884","0.52","PropAnsMr","0.250751445881996"
"508","3","1","0.0232558139534884","0.52","IncidenceInfectionsGraves","9.12746136721964"
"509","3","1","0.0232558139534884","0.52","IncidenceInfectionsGravesAns","3.94585258897391"
"510","3","1","0.0232558139534884","0.52","IncidenceInfectionsGravesMr","2.56696455035564"
"511","3","1","0.0232558139534884","0.52","IncidenceInfectionsGravesAnsMr","2.28882950741813"
"512","3","2","0.0232558139534884","0.52","PropAns","0.478538553993508"
"513","3","2","0.0232558139534884","0.52","PropMr","0.305341437546674"
"514","3","2","0.0232558139534884","0.52","PropAnsMr","0.27738239403402"
"515","3","2","0.0232558139534884","0.52","IncidenceInfectionsGraves","9.19917544722504"
"516","3","2","0.0232558139534884","0.52","IncidenceInfectionsGravesAns","4.17585395352083"
"517","3","2","0.0232558139534884","0.52","IncidenceInfectionsGravesMr","2.69154047473973"
"518","3","2","0.0232558139534884","0.52","IncidenceInfectionsGravesAnsMr","2.42188433808176"
"519","3","3","0.0232558139534884","0.52","PropAns","0.503970141664866"
"520","3","3","0.0232558139534884","0.52","PropMr","0.318661512016985"
"521","3","3","0.0232558139534884","0.52","PropAnsMr","0.29206455461872"
"522","3","3","0.0232558139534884","0.52","IncidenceInfectionsGraves","9.23897657282141"
"523","3","3","0.0232558139534884","0.52","IncidenceInfectionsGravesAns","4.29542849256322"
"524","3","3","0.0232558139534884","0.52","IncidenceInfectionsGravesMr","2.75641551251581"
"525","3","3","0.0232558139534884","0.52","IncidenceInfectionsGravesAnsMr","2.49103258670028"
"526","3","4","0.0232558139534884","0.52","PropAns","0.550779337609106"
"527","3","4","0.0232558139534884","0.52","PropMr","0.343172726642548"
"528","3","4","0.0232558139534884","0.52","PropAnsMr","0.319083055598612"
"529","3","4","0.0232558139534884","0.52","IncidenceInfectionsGraves","9.31729200253715"
"530","3","4","0.0232558139534884","0.52","IncidenceInfectionsGravesAns","4.53567860083452"
"531","3","4","0.0232558139534884","0.52","IncidenceInfectionsGravesMr","2.88664174631416"
"532","3","4","0.0232558139534884","0.52","IncidenceInfectionsGravesAnsMr","2.62993405520494"
"533","4","1","0.0232558139534884","0.52","PropAns","0.432449837102214"
"534","4","1","0.0232558139534884","0.52","PropMr","0.281178942176505"
"535","4","1","0.0232558139534884","0.52","PropAnsMr","0.250751445881996"
"536","4","1","0.0232558139534884","0.52","IncidenceInfectionsGraves","9.12746136721964"
"537","4","1","0.0232558139534884","0.52","IncidenceInfectionsGravesAns","3.94585258897391"
"538","4","1","0.0232558139534884","0.52","IncidenceInfectionsGravesMr","2.56696455035564"
"539","4","1","0.0232558139534884","0.52","IncidenceInfectionsGravesAnsMr","2.28882950741813"
"540","4","2","0.0232558139534884","0.52","PropAns","0.417928002822941"
"541","4","2","0.0232558139534884","0.52","PropMr","0.305217819388514"
"542","4","2","0.0232558139534884","0.52","PropAnsMr","0.265974700576403"
"543","4","2","0.0232558139534884","0.52","IncidenceInfectionsGraves","9.11195857007427"
"544","4","2","0.0232558139534884","0.52","IncidenceInfectionsGravesAns","3.86846542060184"
"545","4","2","0.0232558139534884","0.52","IncidenceInfectionsGravesMr","2.66954075901038"
"546","4","2","0.0232558139534884","0.52","IncidenceInfectionsGravesAnsMr","2.35314769461025"
"547","4","3","0.0232558139534884","0.52","PropAns","0.409100881387404"
"548","4","3","0.0232558139534884","0.52","PropMr","0.331951237802957"
"549","4","3","0.0232558139534884","0.52","PropAnsMr","0.282133712296556"
"550","4","3","0.0232558139534884","0.52","IncidenceInfectionsGraves","9.10772144596401"
"551","4","3","0.0232558139534884","0.52","IncidenceInfectionsGravesAns","3.81311861768586"
"552","4","3","0.0232558139534884","0.52","IncidenceInfectionsGravesMr","2.7829092960857"
"553","4","3","0.0232558139534884","0.52","IncidenceInfectionsGravesAnsMr","2.42274912550584"
"554","4","4","0.0232558139534884","0.52","PropAns","0.405737531540265"
"555","4","4","0.0232558139534884","0.52","PropMr","0.361831462611767"
"556","4","4","0.0232558139534884","0.52","PropAnsMr","0.29957985562045"
"557","4","4","0.0232558139534884","0.52","IncidenceInfectionsGraves","9.11462167708646"
"558","4","4","0.0232558139534884","0.52","IncidenceInfectionsGravesAns","3.77912462095316"
"559","4","4","0.0232558139534884","0.52","IncidenceInfectionsGravesMr","2.90871793376697"
"560","4","4","0.0232558139534884","0.52","IncidenceInfectionsGravesAnsMr","2.49879572118352"
"561","1","1","0.0232558139534884","0.56","PropAns","0.425911802225195"
"562","1","1","0.0232558139534884","0.56","PropMr","0.277392777710329"
"563","1","1","0.0232558139534884","0.56","PropAnsMr","0.246690785127729"
"564","1","1","0.0232558139534884","0.56","IncidenceInfectionsGraves","9.83214573665186"
"565","1","1","0.0232558139534884","0.56","IncidenceInfectionsGravesAns","4.21793741475232"
"566","1","1","0.0232558139534884","0.56","IncidenceInfectionsGravesMr","2.74630277057053"
"567","1","1","0.0232558139534884","0.56","IncidenceInfectionsGravesAnsMr","2.44532206639212"
"568","1","2","0.0232558139534884","0.56","PropAns","0.37998635316531"
"569","1","2","0.0232558139534884","0.56","PropMr","0.253322295029051"
"570","1","2","0.0232558139534884","0.56","PropAnsMr","0.220158910532945"
"571","1","2","0.0232558139534884","0.56","IncidenceInfectionsGraves","9.9748792245577"
"572","1","2","0.0232558139534884","0.56","IncidenceInfectionsGravesAns","4.04422327070625"
"573","1","2","0.0232558139534884","0.56","IncidenceInfectionsGravesMr","2.66291918288012"
"574","1","2","0.0232558139534884","0.56","IncidenceInfectionsGravesAnsMr","2.34497446573687"
"575","1","3","0.0232558139534884","0.56","PropAns","0.339094945014452"
"576","1","3","0.0232558139534884","0.56","PropMr","0.231879182247647"
"577","1","3","0.0232558139534884","0.56","PropAnsMr","0.196521933633014"
"578","1","3","0.0232558139534884","0.56","IncidenceInfectionsGraves","10.1286430073769"
"579","1","3","0.0232558139534884","0.56","IncidenceInfectionsGravesAns","3.88363715617296"
"580","1","3","0.0232558139534884","0.56","IncidenceInfectionsGravesMr","2.58697753017091"
"581","1","3","0.0232558139534884","0.56","IncidenceInfectionsGravesAnsMr","2.25217558807245"
"582","1","4","0.0232558139534884","0.56","PropAns","0.303601066082618"
"583","1","4","0.0232558139534884","0.56","PropMr","0.213258025311504"
"584","1","4","0.0232558139534884","0.56","PropAnsMr","0.175994018488928"
"585","1","4","0.0232558139534884","0.56","IncidenceInfectionsGraves","10.292532111066"
"586","1","4","0.0232558139534884","0.56","IncidenceInfectionsGravesAns","3.73711566364642"
"587","1","4","0.0232558139534884","0.56","IncidenceInfectionsGravesMr","2.51892792842064"
"588","1","4","0.0232558139534884","0.56","IncidenceInfectionsGravesAnsMr","2.16747392534971"
"589","2","1","0.0232558139534884","0.56","PropAns","0.425911802225195"
"590","2","1","0.0232558139534884","0.56","PropMr","0.277392777710329"
"591","2","1","0.0232558139534884","0.56","PropAnsMr","0.246690785127729"
"592","2","1","0.0232558139534884","0.56","IncidenceInfectionsGraves","9.83214573665186"
"593","2","1","0.0232558139534884","0.56","IncidenceInfectionsGravesAns","4.21793741475232"
"594","2","1","0.0232558139534884","0.56","IncidenceInfectionsGravesMr","2.74630277057053"
"595","2","1","0.0232558139534884","0.56","IncidenceInfectionsGravesAnsMr","2.44532206639212"
"596","2","2","0.0232558139534884","0.56","PropAns","0.406922389989229"
"597","2","2","0.0232558139534884","0.56","PropMr","0.267447084107675"
"598","2","2","0.0232558139534884","0.56","PropAnsMr","0.235733020893901"
"599","2","2","0.0232558139534884","0.56","IncidenceInfectionsGraves","9.89031474291387"
"600","2","2","0.0232558139534884","0.56","IncidenceInfectionsGravesAns","4.1476053146785"
"601","2","2","0.0232558139534884","0.56","IncidenceInfectionsGravesMr","2.71259991325707"
"602","2","2","0.0232558139534884","0.56","IncidenceInfectionsGravesAnsMr","2.40475752236035"
"603","2","3","0.0232558139534884","0.56","PropAns","0.385490686843752"
"604","2","3","0.0232558139534884","0.56","PropMr","0.256214312536421"
"605","2","3","0.0232558139534884","0.56","PropAnsMr","0.223356374993732"
"606","2","3","0.0232558139534884","0.56","IncidenceInfectionsGraves","9.96533366642386"
"607","2","3","0.0232558139534884","0.56","IncidenceInfectionsGravesAns","4.06698183645723"
"608","2","3","0.0232558139534884","0.56","IncidenceInfectionsGravesMr","2.67438747345334"
"609","2","3","0.0232558139534884","0.56","IncidenceInfectionsGravesAnsMr","2.35822531208233"
"610","2","4","0.0232558139534884","0.56","PropAns","0.355989161542948"
"611","2","4","0.0232558139534884","0.56","PropMr","0.240741770836117"
"612","2","4","0.0232558139534884","0.56","PropAnsMr","0.206304173555768"
"613","2","4","0.0232558139534884","0.56","IncidenceInfectionsGraves","10.0847002049678"
"614","2","4","0.0232558139534884","0.56","IncidenceInfectionsGravesAns","3.95234258214019"
"615","2","4","0.0232558139534884","0.56","IncidenceInfectionsGravesMr","2.62069442518975"
"616","2","4","0.0232558139534884","0.56","IncidenceInfectionsGravesAnsMr","2.29199863729614"
"617","3","1","0.0232558139534884","0.56","PropAns","0.425911802225195"
"618","3","1","0.0232558139534884","0.56","PropMr","0.277392777710329"
"619","3","1","0.0232558139534884","0.56","PropAnsMr","0.246690785127729"
"620","3","1","0.0232558139534884","0.56","IncidenceInfectionsGraves","9.83214573665186"
"621","3","1","0.0232558139534884","0.56","IncidenceInfectionsGravesAns","4.21793741475232"
"622","3","1","0.0232558139534884","0.56","IncidenceInfectionsGravesMr","2.74630277057053"
"623","3","1","0.0232558139534884","0.56","IncidenceInfectionsGravesAnsMr","2.44532206639212"
"624","3","2","0.0232558139534884","0.56","PropAns","0.473996020264275"
"625","3","2","0.0232558139534884","0.56","PropMr","0.302570399902611"
"626","3","2","0.0232558139534884","0.56","PropAnsMr","0.274438094247658"
"627","3","2","0.0232558139534884","0.56","IncidenceInfectionsGraves","9.90182692760625"
"628","3","2","0.0232558139534884","0.56","IncidenceInfectionsGravesAns","4.46975857474922"
"629","3","2","0.0232558139534884","0.56","IncidenceInfectionsGravesMr","2.88210378193419"
"630","3","2","0.0232558139534884","0.56","IncidenceInfectionsGravesAnsMr","2.59086515987708"
"631","3","3","0.0232558139534884","0.56","PropAns","0.500714232688666"
"632","3","3","0.0232558139534884","0.56","PropMr","0.316546822896097"
"633","3","3","0.0232558139534884","0.56","PropAnsMr","0.289842280362944"
"634","3","3","0.0232558139534884","0.56","IncidenceInfectionsGraves","9.94078773484275"
"635","3","3","0.0232558139534884","0.56","IncidenceInfectionsGravesAns","4.60088757561807"
"636","3","3","0.0232558139534884","0.56","IncidenceInfectionsGravesMr","2.95293124113694"
"637","3","3","0.0232558139534884","0.56","IncidenceInfectionsGravesAnsMr","2.66662211596367"
"638","3","4","0.0232558139534884","0.56","PropAns","0.549679309989257"
"639","3","4","0.0232558139534884","0.56","PropMr","0.342153926098505"
"640","3","4","0.0232558139534884","0.56","PropAnsMr","0.318066213485013"
"641","3","4","0.0232558139534884","0.56","IncidenceInfectionsGraves","10.0168629496504"
"642","3","4","0.0232558139534884","0.56","IncidenceInfectionsGravesAns","4.86358951280164"
"643","3","4","0.0232558139534884","0.56","IncidenceInfectionsGravesMr","3.09468249327397"
"644","3","4","0.0232558139534884","0.56","IncidenceInfectionsGravesAnsMr","2.81835611511852"
"645","4","1","0.0232558139534884","0.56","PropAns","0.425911802225195"
"646","4","1","0.0232558139534884","0.56","PropMr","0.277392777710329"
"647","4","1","0.0232558139534884","0.56","PropAnsMr","0.246690785127729"
"648","4","1","0.0232558139534884","0.56","IncidenceInfectionsGraves","9.83214573665186"
"649","4","1","0.0232558139534884","0.56","IncidenceInfectionsGravesAns","4.21793741475232"
"650","4","1","0.0232558139534884","0.56","IncidenceInfectionsGravesMr","2.74630277057053"
"651","4","1","0.0232558139534884","0.56","IncidenceInfectionsGravesAnsMr","2.44532206639212"
"652","4","2","0.0232558139534884","0.56","PropAns","0.411672342767473"
"653","4","2","0.0232558139534884","0.56","PropMr","0.302363855206468"
"654","4","2","0.0232558139534884","0.56","PropAnsMr","0.262492976232188"
"655","4","2","0.0232558139534884","0.56","IncidenceInfectionsGraves","9.81749773764844"
"656","4","2","0.0232558139534884","0.56","IncidenceInfectionsGravesAns","4.13572775724109"
"657","4","2","0.0232558139534884","0.56","IncidenceInfectionsGravesMr","2.86168673997235"
"658","4","2","0.0232558139534884","0.56","IncidenceInfectionsGravesAnsMr","2.51787026537411"
"659","4","3","0.0232558139534884","0.56","PropAns","0.403445837559417"
"660","4","3","0.0232558139534884","0.56","PropMr","0.330270734676475"
"661","4","3","0.0232558139534884","0.56","PropAnsMr","0.279352932646076"
"662","4","3","0.0232558139534884","0.56","IncidenceInfectionsGraves","9.81416069175945"
"663","4","3","0.0232558139534884","0.56","IncidenceInfectionsGravesAns","4.07788391178703"
"664","4","3","0.0232558139534884","0.56","IncidenceInfectionsGravesMr","2.9891452011961"
"665","4","3","0.0232558139534884","0.56","IncidenceInfectionsGravesAnsMr","2.5961931899626"
"666","4","4","0.0232558139534884","0.56","PropAns","0.400963004793473"
"667","4","4","0.0232558139534884","0.56","PropMr","0.361586892100984"
"668","4","4","0.0232558139534884","0.56","PropAnsMr","0.297640462082213"
"669","4","4","0.0232558139534884","0.56","IncidenceInfectionsGraves","9.82202208337679"
"670","4","4","0.0232558139534884","0.56","IncidenceInfectionsGravesAns","4.04363758065918"
"671","4","4","0.0232558139534884","0.56","IncidenceInfectionsGravesMr","3.13051684216235"
"672","4","4","0.0232558139534884","0.56","IncidenceInfectionsGravesAnsMr","2.68159686672568"
"673","1","1","0.03125","0.35","PropAns","0.411905083550154"
"674","1","1","0.03125","0.35","PropMr","0.269259127875485"
"675","1","1","0.03125","0.35","PropAnsMr","0.237994344702614"
"676","1","1","0.03125","0.35","IncidenceInfectionsGraves","6.14256520026513"
"677","1","1","0.03125","0.35","IncidenceInfectionsGravesAns","2.59166262138514"
"678","1","1","0.03125","0.35","IncidenceInfectionsGravesMr","1.69048051663241"
"679","1","1","0.03125","0.35","IncidenceInfectionsGravesAnsMr","1.50068505746583"
"680","1","2","0.03125","0.35","PropAns","0.369172531375647"
"681","1","2","0.03125","0.35","PropMr","0.246893400832171"
"682","1","2","0.03125","0.35","PropAnsMr","0.213354141841238"
"683","1","2","0.03125","0.35","IncidenceInfectionsGraves","6.29798285057898"
"684","1","2","0.03125","0.35","IncidenceInfectionsGravesAns","2.51708807830576"
"685","1","2","0.03125","0.35","IncidenceInfectionsGravesMr","1.65977112865176"
"686","1","2","0.03125","0.35","IncidenceInfectionsGravesAnsMr","1.4577008535837"
"687","1","3","0.03125","0.35","PropAns","0.331325946010449"
"688","1","3","0.03125","0.35","PropMr","0.22707648268928"
"689","1","3","0.03125","0.35","PropAnsMr","0.191521169183332"
"690","1","3","0.03125","0.35","IncidenceInfectionsGraves","6.46351260434754"
"691","1","3","0.03125","0.35","IncidenceInfectionsGravesAns","2.44858212964069"
"692","1","3","0.03125","0.35","IncidenceInfectionsGravesMr","1.63276477519941"
"693","1","3","0.03125","0.35","IncidenceInfectionsGravesAnsMr","1.41820123236422"
"694","1","4","0.03125","0.35","PropAns","0.298511714374629"
"695","1","4","0.03125","0.35","PropMr","0.209888193459761"
"696","1","4","0.03125","0.35","PropAnsMr","0.172583057251755"
"697","1","4","0.03125","0.35","IncidenceInfectionsGraves","6.63838594575745"
"698","1","4","0.03125","0.35","IncidenceInfectionsGravesAns","2.386528421731"
"699","1","4","0.03125","0.35","IncidenceInfectionsGravesMr","1.6096245353542"
"700","1","4","0.03125","0.35","IncidenceInfectionsGravesAnsMr","1.3824103289987"
"701","2","1","0.03125","0.35","PropAns","0.411905083550154"
"702","2","1","0.03125","0.35","PropMr","0.269259127875485"
"703","2","1","0.03125","0.35","PropAnsMr","0.237994344702614"
"704","2","1","0.03125","0.35","IncidenceInfectionsGraves","6.14256520026513"
"705","2","1","0.03125","0.35","IncidenceInfectionsGravesAns","2.59166262138514"
"706","2","1","0.03125","0.35","IncidenceInfectionsGravesMr","1.69048051663241"
"707","2","1","0.03125","0.35","IncidenceInfectionsGravesAnsMr","1.50068505746583"
"708","2","2","0.03125","0.35","PropAns","0.395773841759407"
"709","2","2","0.03125","0.35","PropMr","0.260820971702078"
"710","2","2","0.03125","0.35","PropAnsMr","0.228702988820054"
"711","2","2","0.03125","0.35","IncidenceInfectionsGraves","6.2053364729034"
"712","2","2","0.03125","0.35","IncidenceInfectionsGravesAns","2.5665699655213"
"713","2","2","0.03125","0.35","IncidenceInfectionsGravesMr","1.68072882862557"
"714","2","2","0.03125","0.35","IncidenceInfectionsGravesAnsMr","1.48626024801107"
"715","2","3","0.03125","0.35","PropAns","0.37717917843398"
"716","2","3","0.03125","0.35","PropMr","0.251088616694547"
"717","2","3","0.03125","0.35","PropAnsMr","0.217985532045752"
"718","2","3","0.03125","0.35","IncidenceInfectionsGraves","6.28550790427247"
"719","2","3","0.03125","0.35","IncidenceInfectionsGravesAns","2.53724422598682"
"720","2","3","0.03125","0.35","IncidenceInfectionsGravesMr","1.66968567474565"
"721","2","3","0.03125","0.35","IncidenceInfectionsGravesAnsMr","1.4693876238849"
"722","2","4","0.03125","0.35","PropAns","0.350485843245637"
"723","2","4","0.03125","0.35","PropMr","0.23710998421751"
"724","2","4","0.03125","0.35","PropAnsMr","0.202587863509108"
"725","2","4","0.03125","0.35","IncidenceInfectionsGraves","6.41269001843926"
"726","2","4","0.03125","0.35","IncidenceInfectionsGravesAns","2.49271060157613"
"727","2","4","0.03125","0.35","IncidenceInfectionsGravesMr","1.65318532034771"
"728","2","4","0.03125","0.35","IncidenceInfectionsGravesAnsMr","1.44372958520251"
"729","3","1","0.03125","0.35","PropAns","0.411905083550154"
"730","3","1","0.03125","0.35","PropMr","0.269259127875485"
"731","3","1","0.03125","0.35","PropAnsMr","0.237994344702614"
"732","3","1","0.03125","0.35","IncidenceInfectionsGraves","6.14256520026513"
"733","3","1","0.03125","0.35","IncidenceInfectionsGravesAns","2.59166262138514"
"734","3","1","0.03125","0.35","IncidenceInfectionsGravesMr","1.69048051663241"
"735","3","1","0.03125","0.35","IncidenceInfectionsGravesAnsMr","1.50068505746583"
"736","3","2","0.03125","0.35","PropAns","0.45969462307987"
"737","3","2","0.03125","0.35","PropMr","0.294239962825274"
"738","3","2","0.03125","0.35","PropAnsMr","0.265512253051217"
"739","3","2","0.03125","0.35","IncidenceInfectionsGraves","6.2100890621183"
"740","3","2","0.03125","0.35","IncidenceInfectionsGravesAns","2.75768618612822"
"741","3","2","0.03125","0.35","IncidenceInfectionsGravesMr","1.78106731373531"
"742","3","2","0.03125","0.35","IncidenceInfectionsGravesAnsMr","1.59651411437959"
"743","3","3","0.03125","0.35","PropAns","0.485911909399922"
"744","3","3","0.03125","0.35","PropMr","0.307932128727797"
"745","3","3","0.03125","0.35","PropAnsMr","0.280596398736685"
"746","3","3","0.03125","0.35","IncidenceInfectionsGraves","6.24738166457843"
"747","3","3","0.03125","0.35","IncidenceInfectionsGravesAns","2.84407965875211"
"748","3","3","0.03125","0.35","IncidenceInfectionsGravesMr","1.82830147504446"
"749","3","3","0.03125","0.35","IncidenceInfectionsGravesAnsMr","1.64636130995452"
"750","3","4","0.03125","0.35","PropAns","0.536124605622193"
"751","3","4","0.03125","0.35","PropMr","0.334148092675159"
"752","3","4","0.03125","0.35","PropAnsMr","0.309478602242095"
"753","3","4","0.03125","0.35","IncidenceInfectionsGraves","6.32499509147707"
"754","3","4","0.03125","0.35","IncidenceInfectionsGravesAns","3.02558879112987"
"755","3","4","0.03125","0.35","IncidenceInfectionsGravesMr","1.92747396388559"
"756","3","4","0.03125","0.35","IncidenceInfectionsGravesAnsMr","1.7510638579751"
"757","4","1","0.03125","0.35","PropAns","0.411905083550154"
"758","4","1","0.03125","0.35","PropMr","0.269259127875485"
"759","4","1","0.03125","0.35","PropAnsMr","0.237994344702614"
"760","4","1","0.03125","0.35","IncidenceInfectionsGraves","6.14256520026513"
"761","4","1","0.03125","0.35","IncidenceInfectionsGravesAns","2.59166262138514"
"762","4","1","0.03125","0.35","IncidenceInfectionsGravesMr","1.69048051663241"
"763","4","1","0.03125","0.35","IncidenceInfectionsGravesAnsMr","1.50068505746583"
"764","4","2","0.03125","0.35","PropAns","0.39910641987862"
"765","4","2","0.03125","0.35","PropMr","0.292929390231794"
"766","4","2","0.03125","0.35","PropAnsMr","0.252895815130065"
"767","4","2","0.03125","0.35","IncidenceInfectionsGraves","6.1321591819516"
"768","4","2","0.03125","0.35","IncidenceInfectionsGravesAns","2.54353798790527"
"769","4","2","0.03125","0.35","IncidenceInfectionsGravesMr","1.75843238319652"
"770","4","2","0.03125","0.35","IncidenceInfectionsGravesAnsMr","1.54311340052809"
"771","4","3","0.03125","0.35","PropAns","0.391967768062454"
"772","4","3","0.03125","0.35","PropMr","0.319543101608443"
"773","4","3","0.03125","0.35","PropAnsMr","0.269035886875637"
"774","4","3","0.03125","0.35","IncidenceInfectionsGraves","6.13145257643866"
"775","4","3","0.03125","0.35","IncidenceInfectionsGravesAns","2.51090684733451"
"776","4","3","0.03125","0.35","IncidenceInfectionsGravesMr","1.83465263802627"
"777","4","3","0.03125","0.35","IncidenceInfectionsGravesAnsMr","1.59010108808991"
"778","4","4","0.03125","0.35","PropAns","0.390211805488449"
"779","4","4","0.03125","0.35","PropMr","0.349510916801481"
"780","4","4","0.03125","0.35","PropAnsMr","0.286724248774189"
"781","4","4","0.03125","0.35","IncidenceInfectionsGraves","6.1403609831468"
"782","4","4","0.03125","0.35","IncidenceInfectionsGravesAns","2.49324373681534"
"783","4","4","0.03125","0.35","IncidenceInfectionsGravesMr","1.92032995295605"
"784","4","4","0.03125","0.35","IncidenceInfectionsGravesAnsMr","1.64245764476075"
"785","1","1","0.03125","0.52","PropAns","0.388964126563988"
"786","1","1","0.03125","0.52","PropMr","0.255997528098002"
"787","1","1","0.03125","0.52","PropAnsMr","0.223812806779579"
"788","1","1","0.03125","0.52","IncidenceInfectionsGraves","9.13432992628524"
"789","1","1","0.03125","0.52","IncidenceInfectionsGravesAns","3.74510926024609"
"790","1","1","0.03125","0.52","IncidenceInfectionsGravesMr","2.45092288946602"
"791","1","1","0.03125","0.52","IncidenceInfectionsGravesAnsMr","2.16423174651035"
"792","1","2","0.03125","0.52","PropAns","0.344670253089069"
"793","1","2","0.03125","0.52","PropMr","0.232911419198485"
"794","1","2","0.03125","0.52","PropAnsMr","0.198387371085061"
"795","1","2","0.03125","0.52","IncidenceInfectionsGraves","9.26690549127012"
"796","1","2","0.03125","0.52","IncidenceInfectionsGravesAns","3.58110897478998"
"797","1","2","0.03125","0.52","IncidenceInfectionsGravesMr","2.37235098264787"
"798","1","2","0.03125","0.52","IncidenceInfectionsGravesAnsMr","2.06991165316747"
"799","1","3","0.03125","0.52","PropAns","0.306328101585533"
"800","1","3","0.03125","0.52","PropMr","0.212916658702812"
"801","1","3","0.03125","0.52","PropAnsMr","0.176365093584235"
"802","1","3","0.03125","0.52","IncidenceInfectionsGraves","9.40919749678812"
"803","1","3","0.03125","0.52","IncidenceInfectionsGravesAns","3.43173426163751"
"804","1","3","0.03125","0.52","IncidenceInfectionsGravesMr","2.30189772273128"
"805","1","3","0.03125","0.52","IncidenceInfectionsGravesAnsMr","1.98396376999868"
"806","1","4","0.03125","0.52","PropAns","0.273966971953008"
"807","1","4","0.03125","0.52","PropMr","0.196033139139541"
"808","1","4","0.03125","0.52","PropAnsMr","0.157767644917305"
"809","1","4","0.03125","0.52","IncidenceInfectionsGraves","9.5602233594342"
"810","1","4","0.03125","0.52","IncidenceInfectionsGravesAns","3.29747500121437"
"811","1","4","0.03125","0.52","IncidenceInfectionsGravesMr","2.23977557847062"
"812","1","4","0.03125","0.52","IncidenceInfectionsGravesAnsMr","1.90667847414352"
"813","2","1","0.03125","0.52","PropAns","0.388964126563988"
"814","2","1","0.03125","0.52","PropMr","0.255997528098002"
"815","2","1","0.03125","0.52","PropAnsMr","0.223812806779579"
"816","2","1","0.03125","0.52","IncidenceInfectionsGraves","9.13432992628524"
"817","2","1","0.03125","0.52","IncidenceInfectionsGravesAns","3.74510926024609"
"818","2","1","0.03125","0.52","IncidenceInfectionsGravesMr","2.45092288946602"
"819","2","1","0.03125","0.52","IncidenceInfectionsGravesAnsMr","2.16423174651035"
"820","2","2","0.03125","0.52","PropAns","0.368831212149821"
"821","2","2","0.03125","0.52","PropMr","0.245506320247684"
"822","2","2","0.03125","0.52","PropAnsMr","0.212265097130491"
"823","2","2","0.03125","0.52","IncidenceInfectionsGraves","9.1934427221554"
"824","2","2","0.03125","0.52","IncidenceInfectionsGravesAns","3.67195785000076"
"825","2","2","0.03125","0.52","IncidenceInfectionsGravesMr","2.41589225617848"
"826","2","2","0.03125","0.52","IncidenceInfectionsGravesAnsMr","2.12220762627748"
"827","2","3","0.03125","0.52","PropAns","0.347142928941098"
"828","2","3","0.03125","0.52","PropMr","0.234197455793927"
"829","2","3","0.03125","0.52","PropAnsMr","0.199816390806642"
"830","2","3","0.03125","0.52","IncidenceInfectionsGraves","9.26769055218275"
"831","2","3","0.03125","0.52","IncidenceInfectionsGravesAns","3.59097127594147"
"832","2","3","0.03125","0.52","IncidenceInfectionsGravesMr","2.37755483408275"
"833","2","3","0.03125","0.52","IncidenceInfectionsGravesAnsMr","2.07565255126179"
"834","2","4","0.03125","0.52","PropAns","0.319339087341417"
"835","2","4","0.03125","0.52","PropMr","0.219693177032243"
"836","2","4","0.03125","0.52","PropAnsMr","0.183845266010304"
"837","2","4","0.03125","0.52","IncidenceInfectionsGraves","9.38081453648822"
"838","2","4","0.03125","0.52","IncidenceInfectionsGravesAns","3.4825064096573"
"839","2","4","0.03125","0.52","IncidenceInfectionsGravesMr","2.32691052163186"
"840","2","4","0.03125","0.52","IncidenceInfectionsGravesAnsMr","2.01325090986848"
"841","3","1","0.03125","0.52","PropAns","0.388964126563988"
"842","3","1","0.03125","0.52","PropMr","0.255997528098002"
"843","3","1","0.03125","0.52","PropAnsMr","0.223812806779579"
"844","3","1","0.03125","0.52","IncidenceInfectionsGraves","9.13432992628524"
"845","3","1","0.03125","0.52","IncidenceInfectionsGravesAns","3.74510926024609"
"846","3","1","0.03125","0.52","IncidenceInfectionsGravesMr","2.45092288946602"
"847","3","1","0.03125","0.52","IncidenceInfectionsGravesAnsMr","2.16423174651035"
"848","3","2","0.03125","0.52","PropAns","0.444861133883296"
"849","3","2","0.03125","0.52","PropMr","0.285082954756511"
"850","3","2","0.03125","0.52","PropAnsMr","0.255841248337462"
"851","3","2","0.03125","0.52","IncidenceInfectionsGraves","9.19850925879983"
"852","3","2","0.03125","0.52","IncidenceInfectionsGravesAns","4.0040973389515"
"853","3","2","0.03125","0.52","IncidenceInfectionsGravesMr","2.58957491464409"
"854","3","2","0.03125","0.52","IncidenceInfectionsGravesAnsMr","2.31319465883891"
"855","3","3","0.03125","0.52","PropAns","0.476146847670046"
"856","3","3","0.03125","0.52","PropMr","0.301346690204483"
"857","3","3","0.03125","0.52","PropAnsMr","0.273751926955094"
"858","3","3","0.03125","0.52","IncidenceInfectionsGraves","9.23491657529178"
"859","3","3","0.03125","0.52","IncidenceInfectionsGravesAns","4.13885417810922"
"860","3","3","0.03125","0.52","IncidenceInfectionsGravesMr","2.66183803479925"
"861","3","3","0.03125","0.52","IncidenceInfectionsGravesAnsMr","2.39066145447268"
"862","3","4","0.03125","0.52","PropAns","0.535004021112734"
"863","3","4","0.03125","0.52","PropMr","0.331930509043137"
"864","3","4","0.03125","0.52","PropAnsMr","0.307434349558827"
"865","3","4","0.03125","0.52","IncidenceInfectionsGraves","9.30843917921546"
"866","3","4","0.03125","0.52","IncidenceInfectionsGravesAns","4.41795843732051"
"867","3","4","0.03125","0.52","IncidenceInfectionsGravesMr","2.81136196753771"
"868","3","4","0.03125","0.52","IncidenceInfectionsGravesAnsMr","2.55106578929657"
"869","4","1","0.03125","0.52","PropAns","0.388964126563988"
"870","4","1","0.03125","0.52","PropMr","0.255997528098002"
"871","4","1","0.03125","0.52","PropAnsMr","0.223812806779579"
"872","4","1","0.03125","0.52","IncidenceInfectionsGraves","9.13432992628524"
"873","4","1","0.03125","0.52","IncidenceInfectionsGravesAns","3.74510926024609"
"874","4","1","0.03125","0.52","IncidenceInfectionsGravesMr","2.45092288946602"
"875","4","1","0.03125","0.52","IncidenceInfectionsGravesAnsMr","2.16423174651035"
"876","4","2","0.03125","0.52","PropAns","0.377545192916367"
"877","4","2","0.03125","0.52","PropMr","0.283292278951373"
"878","4","2","0.03125","0.52","PropAnsMr","0.240993167748824"
"879","4","2","0.03125","0.52","IncidenceInfectionsGraves","9.12580725520442"
"880","4","2","0.03125","0.52","IncidenceInfectionsGravesAns","3.67829725298898"
"881","4","2","0.03125","0.52","IncidenceInfectionsGravesMr","2.56919432636157"
"882","4","2","0.03125","0.52","IncidenceInfectionsGravesAnsMr","2.23879941411896"
"883","4","3","0.03125","0.52","PropAns","0.372992104250241"
"884","4","3","0.03125","0.52","PropMr","0.314542400685355"
"885","4","3","0.03125","0.52","PropAnsMr","0.259959214488857"
"886","4","3","0.03125","0.52","IncidenceInfectionsGraves","9.12777631842246"
"887","4","3","0.03125","0.52","IncidenceInfectionsGravesAns","3.63645535600365"
"888","4","3","0.03125","0.52","IncidenceInfectionsGravesMr","2.70133539341953"
"889","4","3","0.03125","0.52","IncidenceInfectionsGravesAnsMr","2.32044381563946"
"890","4","4","0.03125","0.52","PropAns","0.374862512435489"
"891","4","4","0.03125","0.52","PropMr","0.350216657839126"
"892","4","4","0.03125","0.52","PropAnsMr","0.281071268699316"
"893","4","4","0.03125","0.52","IncidenceInfectionsGraves","9.14020124097424"
"894","4","4","0.03125","0.52","IncidenceInfectionsGravesAns","3.61866471141815"
"895","4","4","0.03125","0.52","IncidenceInfectionsGravesMr","2.8492496579056"
"896","4","4","0.03125","0.52","IncidenceInfectionsGravesAnsMr","2.4104987922506"
"897","1","1","0.03125","0.56","PropAns","0.381467153135148"
"898","1","1","0.03125","0.56","PropMr","0.25166670534024"
"899","1","1","0.03125","0.56","PropAnsMr","0.219189437195388"
"900","1","1","0.03125","0.56","IncidenceInfectionsGraves","9.83918313253334"
"901","1","1","0.03125","0.56","IncidenceInfectionsGravesAns","3.99504180536785"
"902","1","1","0.03125","0.56","IncidenceInfectionsGravesMr","2.61748667065711"
"903","1","1","0.03125","0.56","IncidenceInfectionsGravesAnsMr","2.30709963030495"
"904","1","2","0.03125","0.56","PropAns","0.336718983127456"
"905","1","2","0.03125","0.56","PropMr","0.228376748623704"
"906","1","2","0.03125","0.56","PropAnsMr","0.193542364565315"
"907","1","2","0.03125","0.56","IncidenceInfectionsGraves","9.96452450722337"
"908","1","2","0.03125","0.56","IncidenceInfectionsGravesAns","3.8066506296985"
"909","1","2","0.03125","0.56","IncidenceInfectionsGravesMr","2.52586647369098"
"910","1","2","0.03125","0.56","IncidenceInfectionsGravesAnsMr","2.1988495974369"
"911","1","3","0.03125","0.56","PropAns","0.298306902320672"
"912","1","3","0.03125","0.56","PropMr","0.208373015578213"
"913","1","3","0.03125","0.56","PropAnsMr","0.171512443915651"
"914","1","3","0.03125","0.56","IncidenceInfectionsGraves","10.0995218515635"
"915","1","3","0.03125","0.56","IncidenceInfectionsGravesAns","3.63571807006498"
"916","1","3","0.03125","0.56","IncidenceInfectionsGravesMr","2.44382380434823"
"917","1","3","0.03125","0.56","IncidenceInfectionsGravesAnsMr","2.10058183226237"
"918","1","4","0.03125","0.56","PropAns","0.266206191500455"
"919","1","4","0.03125","0.56","PropMr","0.191647834163804"
"920","1","4","0.03125","0.56","PropAnsMr","0.153091022299603"
"921","1","4","0.03125","0.56","IncidenceInfectionsGraves","10.2431574629579"
"922","1","4","0.03125","0.56","IncidenceInfectionsGravesAns","3.48273758079589"
"923","1","4","0.03125","0.56","IncidenceInfectionsGravesMr","2.37157332958146"
"924","1","4","0.03125","0.56","IncidenceInfectionsGravesAnsMr","2.01259096782152"
"925","2","1","0.03125","0.56","PropAns","0.381467153135148"
"926","2","1","0.03125","0.56","PropMr","0.25166670534024"
"927","2","1","0.03125","0.56","PropAnsMr","0.219189437195388"
"928","2","1","0.03125","0.56","IncidenceInfectionsGraves","9.83918313253334"
"929","2","1","0.03125","0.56","IncidenceInfectionsGravesAns","3.99504180536785"
"930","2","1","0.03125","0.56","IncidenceInfectionsGravesMr","2.61748667065711"
"931","2","1","0.03125","0.56","IncidenceInfectionsGravesAnsMr","2.30709963030495"
"932","2","2","0.03125","0.56","PropAns","0.360041996013958"
"933","2","2","0.03125","0.56","PropMr","0.24051686289575"
"934","2","2","0.03125","0.56","PropAnsMr","0.20691825404661"
"935","2","2","0.03125","0.56","IncidenceInfectionsGraves","9.8966734389918"
"936","2","2","0.03125","0.56","IncidenceInfectionsGravesAns","3.90587755401377"
"937","2","2","0.03125","0.56","IncidenceInfectionsGravesMr","2.57404042495143"
"938","2","2","0.03125","0.56","IncidenceInfectionsGravesAnsMr","2.25591372675027"
"939","2","3","0.03125","0.56","PropAns","0.337422728303311"
"940","2","3","0.03125","0.56","PropMr","0.228737740174443"
"941","2","3","0.03125","0.56","PropAnsMr","0.193953528353357"
"942","2","3","0.03125","0.56","IncidenceInfectionsGraves","9.96869564787216"
"943","2","3","0.03125","0.56","IncidenceInfectionsGravesAns","3.80867536654959"
"944","2","3","0.03125","0.56","IncidenceInfectionsGravesMr","2.52714556599118"
"945","2","3","0.03125","0.56","IncidenceInfectionsGravesAnsMr","2.20007734243826"
"946","2","4","0.03125","0.56","PropAns","0.309405545950416"
"947","2","4","0.03125","0.56","PropMr","0.214141106493876"
"948","2","4","0.03125","0.56","PropAnsMr","0.17788254146951"
"949","2","4","0.03125","0.56","IncidenceInfectionsGraves","10.0772692307098"
"950","2","4","0.03125","0.56","IncidenceInfectionsGravesAns","3.68240336224337"
"951","2","4","0.03125","0.56","IncidenceInfectionsGravesMr","2.46699294278581"
"952","2","4","0.03125","0.56","IncidenceInfectionsGravesAnsMr","2.12748550439791"
"953","3","1","0.03125","0.56","PropAns","0.381467153135148"
"954","3","1","0.03125","0.56","PropMr","0.25166670534024"
"955","3","1","0.03125","0.56","PropAnsMr","0.219189437195388"
"956","3","1","0.03125","0.56","IncidenceInfectionsGraves","9.83918313253334"
"957","3","1","0.03125","0.56","IncidenceInfectionsGravesAns","3.99504180536785"
"958","3","1","0.03125","0.56","IncidenceInfectionsGravesMr","2.61748667065711"
"959","3","1","0.03125","0.56","IncidenceInfectionsGravesAnsMr","2.30709963030495"
"960","3","2","0.03125","0.56","PropAns","0.440410463903669"
"961","3","2","0.03125","0.56","PropMr","0.2822881678147"
"962","3","2","0.03125","0.56","PropAnsMr","0.252905911823418"
"963","3","2","0.03125","0.56","IncidenceInfectionsGraves","9.90203007240948"
"964","3","2","0.03125","0.56","IncidenceInfectionsGravesAns","4.28259745826918"
"965","3","2","0.03125","0.56","IncidenceInfectionsGravesMr","2.77080791117193"
"966","3","2","0.03125","0.56","IncidenceInfectionsGravesAnsMr","2.4722924284981"
"967","3","3","0.03125","0.56","PropAns","0.473589940820869"
"968","3","3","0.03125","0.56","PropMr","0.299508273732231"
"969","3","3","0.03125","0.56","PropAnsMr","0.271867713695523"
"970","3","3","0.03125","0.56","IncidenceInfectionsGraves","9.93795939079418"
"971","3","3","0.03125","0.56","IncidenceInfectionsGravesAns","4.43242592240908"
"972","3","3","0.03125","0.56","IncidenceInfectionsGravesMr","2.85081440718049"
"973","3","3","0.03125","0.56","IncidenceInfectionsGravesAnsMr","2.55831350996084"
"974","3","4","0.03125","0.56","PropAns","0.535541218913416"
"975","3","4","0.03125","0.56","PropMr","0.331645989398889"
"976","3","4","0.03125","0.56","PropAnsMr","0.307257639613146"
"977","3","4","0.03125","0.56","IncidenceInfectionsGraves","10.0097405880464"
"978","3","4","0.03125","0.56","IncidenceInfectionsGravesAns","4.74144440611153"
"979","3","4","0.03125","0.56","IncidenceInfectionsGravesMr","3.0156515155881"
"980","3","4","0.03125","0.56","IncidenceInfectionsGravesAnsMr","2.73568223251704"
"981","4","1","0.03125","0.56","PropAns","0.381467153135148"
"982","4","1","0.03125","0.56","PropMr","0.25166670534024"
"983","4","1","0.03125","0.56","PropAnsMr","0.219189437195388"
"984","4","1","0.03125","0.56","IncidenceInfectionsGraves","9.83918313253334"
"985","4","1","0.03125","0.56","IncidenceInfectionsGravesAns","3.99504180536785"
"986","4","1","0.03125","0.56","IncidenceInfectionsGravesMr","2.61748667065711"
"987","4","1","0.03125","0.56","IncidenceInfectionsGravesAnsMr","2.30709963030495"
"988","4","2","0.03125","0.56","PropAns","0.370622060638257"
"989","4","2","0.03125","0.56","PropMr","0.280292674281398"
"990","4","2","0.03125","0.56","PropAnsMr","0.23721045734291"
"991","4","2","0.03125","0.56","IncidenceInfectionsGraves","9.83123091058245"
"992","4","2","0.03125","0.56","IncidenceInfectionsGravesAns","3.92458926054456"
"993","4","2","0.03125","0.56","IncidenceInfectionsGravesMr","2.75120786145918"
"994","4","2","0.03125","0.56","IncidenceInfectionsGravesAnsMr","2.39154504338632"
"995","4","3","0.03125","0.56","PropAns","0.367083812474163"
"996","4","3","0.03125","0.56","PropMr","0.313268587582213"
"997","4","3","0.03125","0.56","PropAnsMr","0.257232551590935"
"998","4","3","0.03125","0.56","IncidenceInfectionsGraves","9.8339000082471"
"999","4","3","0.03125","0.56","IncidenceInfectionsGravesAns","3.88220010004198"
"1000","4","3","0.03125","0.56","IncidenceInfectionsGravesMr","2.90079723362488"
"1001","4","3","0.03125","0.56","IncidenceInfectionsGravesAnsMr","2.48398644404092"
"1002","4","4","0.03125","0.56","PropAns","0.37034016163553"
"1003","4","4","0.03125","0.56","PropMr","0.35107418016081"
"1004","4","4","0.03125","0.56","PropAnsMr","0.279628685226185"
"1005","4","4","0.03125","0.56","IncidenceInfectionsGraves","9.84717506632837"
"1006","4","4","0.03125","0.56","IncidenceInfectionsGravesAns","3.8667838420986"
"1007","4","4","0.03125","0.56","IncidenceInfectionsGravesMr","3.0683846627305"
"1008","4","4","0.03125","0.56","IncidenceInfectionsGravesAnsMr","2.58592850171991"
